{"spambase": {"greedy": {"score": 0.9096437880104257, "num_models": 1, "progressive_scores": [0.9096437880104257], "models": {"DecisionTreeClassifier()": {"coverage_perc": 0.9997101449275362, "performance_score": 0.9997101449275362}}}, "sequential": {"score": 0.9070373588184187, "num_models": 2, "progressive_scores": [0.9087749782797567, 0.9070373588184187], "models": {"KNeighborsClassifier()": {"coverage_perc": 0.931304347826087, "performance_score": 0.931304347826087}, "LogisticRegression()": {"coverage_perc": 0.051304347826086956, "performance_score": 0.7468354430379747}}}}, "credit-approval": {"greedy": {"score": 0.7976878612716763, "num_models": 1, "progressive_scores": [0.7976878612716763], "models": {"DecisionTreeClassifier()": {"coverage_perc": 1.0, "performance_score": 1.0}}}, "sequential": {"score": 0.8034682080924855, "num_models": 2, "progressive_scores": [0.7976878612716763, 0.8034682080924855], "models": {"KNeighborsClassifier()": {"coverage_perc": 0.8839458413926499, "performance_score": 0.8839458413926499}, "LogisticRegression()": {"coverage_perc": 0.08704061895551257, "performance_score": 0.75}}}}, "dresses-sales": {"greedy": {"score": 0.544, "num_models": 1, "progressive_scores": [0.544], "models": {"DecisionTreeClassifier()": {"coverage_perc": 0.9973333333333333, "performance_score": 0.9973333333333333}}}, "sequential": {"score": 0.512, "num_models": 3, "progressive_scores": [0.536, 0.512, 0.512], "models": {"KNeighborsClassifier()": {"coverage_perc": 0.6773333333333333, "performance_score": 0.6773333333333333}, "LogisticRegression()": {"coverage_perc": 0.26666666666666666, "performance_score": 0.8264462809917356}, "DecisionTreeClassifier()": {"coverage_perc": 0.056, "performance_score": 1.0}}}}, "numerai28.6": {"greedy": {"score": 0.5018687707641196, "num_models": 1, "progressive_scores": [0.5018687707641196], "models": {"DecisionTreeClassifier()": {"coverage_perc": 1.0, "performance_score": 1.0}}}, "sequential": {"score": 0.5073920265780731, "num_models": 3, "progressive_scores": [0.5074335548172757, 0.507641196013289, 0.5073920265780731], "models": {"KNeighborsClassifier()": {"coverage_perc": 0.6908084163898117, "performance_score": 0.6908084163898117}, "LogisticRegression()": {"coverage_perc": 0.16926910299003323, "performance_score": 0.5474570200573066}, "DecisionTreeClassifier()": {"coverage_perc": 0.13992248062015503, "performance_score": 1.0}}}}, "pc3": {"greedy": {"score": 0.8618925831202046, "num_models": 1, "progressive_scores": [0.8618925831202046], "models": {"DecisionTreeClassifier()": {"coverage_perc": 0.9991467576791809, "performance_score": 0.9991467576791809}}}, "sequential": {"score": 0.8772378516624041, "num_models": 2, "progressive_scores": [0.8797953964194374, 0.8772378516624041], "models": {"KNeighborsClassifier()": {"coverage_perc": 0.9155290102389079, "performance_score": 0.9155290102389079}, "LogisticRegression()": {"coverage_perc": 0.07252559726962457, "performance_score": 0.8585858585858586}}}}, "PhishingWebsites": {"greedy": {"score": 0.9598408104196816, "num_models": 1, "progressive_scores": [0.9598408104196816], "models": {"DecisionTreeClassifier()": {"coverage_perc": 0.9911952719816669, "performance_score": 0.9911952719816669}}}, "sequential": {"score": 0.9504341534008683, "num_models": 1, "progressive_scores": [0.9504341534008683], "models": {"KNeighborsClassifier()": {"coverage_perc": 0.9732239778072609, "performance_score": 0.9732239778072609}}}}, "pc1": {"greedy": {"score": 0.89568345323741, "num_models": 1, "progressive_scores": [0.89568345323741], "models": {"DecisionTreeClassifier()": {"coverage_perc": 0.9951865222623345, "performance_score": 0.9951865222623345}}}, "sequential": {"score": 0.935251798561151, "num_models": 2, "progressive_scores": [0.9388489208633094, 0.935251798561151], "models": {"KNeighborsClassifier()": {"coverage_perc": 0.9338146811070999, "performance_score": 0.9338146811070999}, "LogisticRegression()": {"coverage_perc": 0.056558363417569195, "performance_score": 0.8545454545454545}}}}, "bank-marketing": {"greedy": {"score": 0.8759621339467398, "num_models": 1, "progressive_scores": [0.8759621339467398], "models": {"DecisionTreeClassifier()": {"coverage_perc": 1.0, "performance_score": 1.0}}}, "sequential": {"score": 0.8987879324073255, "num_models": 2, "progressive_scores": [0.8993187649296647, 0.8987879324073255], "models": {"KNeighborsClassifier()": {"coverage_perc": 0.9234104046242775, "performance_score": 0.9234104046242775}, "LogisticRegression()": {"coverage_perc": 0.0614604223192167, "performance_score": 0.8024643819792068}}}}, "kc1": {"greedy": {"score": 0.8162878787878788, "num_models": 1, "progressive_scores": [0.8162878787878788], "models": {"DecisionTreeClassifier()": {"coverage_perc": 0.9886148007590133, "performance_score": 0.9886148007590133}}}, "sequential": {"score": 0.8390151515151515, "num_models": 2, "progressive_scores": [0.8446969696969697, 0.8390151515151515], "models": {"KNeighborsClassifier()": {"coverage_perc": 0.8861480075901328, "performance_score": 0.8861480075901328}, "LogisticRegression()": {"coverage_perc": 0.09803921568627451, "performance_score": 0.8611111111111112}}}}, "kc2": {"greedy": {"score": 0.7938931297709924, "num_models": 1, "progressive_scores": [0.7938931297709924], "models": {"DecisionTreeClassifier()": {"coverage_perc": 0.9872122762148338, "performance_score": 0.9872122762148338}}}, "sequential": {"score": 0.8091603053435115, "num_models": 2, "progressive_scores": [0.7938931297709924, 0.8091603053435115], "models": {"KNeighborsClassifier()": {"coverage_perc": 0.8797953964194374, "performance_score": 0.8797953964194374}, "LogisticRegression()": {"coverage_perc": 0.08951406649616368, "performance_score": 0.7446808510638298}}}}, "banknote-authentication": {"greedy": {"score": 0.9766763848396501, "num_models": 1, "progressive_scores": [0.9766763848396501], "models": {"DecisionTreeClassifier()": {"coverage_perc": 1.0, "performance_score": 1.0}}}, "sequential": {"score": 0.9941690962099126, "num_models": 1, "progressive_scores": [0.9941690962099126], "models": {"KNeighborsClassifier()": {"coverage_perc": 1.0, "performance_score": 1.0}}}}, "ilpd": {"greedy": {"score": 0.6438356164383562, "num_models": 1, "progressive_scores": [0.6438356164383562], "models": {"DecisionTreeClassifier()": {"coverage_perc": 1.0, "performance_score": 1.0}}}, "sequential": {"score": 0.6712328767123288, "num_models": 3, "progressive_scores": [0.6575342465753424, 0.6712328767123288, 0.6712328767123288], "models": {"KNeighborsClassifier()": {"coverage_perc": 0.8100686498855835, "performance_score": 0.8100686498855835}, "LogisticRegression()": {"coverage_perc": 0.12814645308924486, "performance_score": 0.6746987951807228}, "DecisionTreeClassifier()": {"coverage_perc": 0.06178489702517163, "performance_score": 1.0}}}}, "adult": {"greedy": {"score": 0.8157399066415527, "num_models": 1, "progressive_scores": [0.8157399066415527], "models": {"DecisionTreeClassifier()": {"coverage_perc": 0.9999454014359422, "performance_score": 0.9999454014359422}}}, "sequential": {"score": 0.825403324871018, "num_models": 2, "progressive_scores": [0.8303169273605765, 0.825403324871018], "models": {"KNeighborsClassifier()": {"coverage_perc": 0.8833774671726133, "performance_score": 0.8833774671726133}, "LogisticRegression()": {"coverage_perc": 0.08733040321039556, "performance_score": 0.7488295880149812}}}}, "Internet-Advertisements": {"greedy": {"score": 0.9670731707317073, "num_models": 1, "progressive_scores": [0.9670731707317073], "models": {"DecisionTreeClassifier()": {"coverage_perc": 0.9987799918666125, "performance_score": 0.9987799918666125}}}, "sequential": {"score": 0.9621951219512195, "num_models": 1, "progressive_scores": [0.9621951219512195], "models": {"KNeighborsClassifier()": {"coverage_perc": 0.9764131760878406, "performance_score": 0.9764131760878406}}}}, "pc4": {"greedy": {"score": 0.8821917808219178, "num_models": 1,