{
    "spambase": {
        "base_models": {
            "KNeighborsClassifier()": 0.9087749782797567,
            "LogisticRegression()": 0.9304952215464813,
            "DecisionTreeClassifier()": 0.9113814074717637,
            "LinearDiscriminantAnalysis()": 0.8887923544743701,
            "QuadraticDiscriminantAnalysis()": 0.8392701998262381,
            "GaussianNB()": 0.8227628149435273
        },
        "hellsemble": {
            "Hellsemble_sequential": 0.9070373588184187,
            "Hellsemble_greedy": 0.9096437880104257
        }
    },
    "credit-approval": {
        "base_models": {
            "KNeighborsClassifier()": 0.7976878612716763,
            "LogisticRegression()": 0.838150289017341,
            "DecisionTreeClassifier()": 0.7803468208092486,
            "LinearDiscriminantAnalysis()": 0.8208092485549133,
            "QuadraticDiscriminantAnalysis()": 0.5491329479768786,
            "GaussianNB()": 0.7109826589595376
        },
        "hellsemble": {
            "Hellsemble_sequential": 0.8034682080924855,
            "Hellsemble_greedy": 0.7976878612716763
        }
    },
    "dresses-sales": {
        "base_models": {
            "KNeighborsClassifier()": 0.536,
            "LogisticRegression()": 0.672,
            "DecisionTreeClassifier()": 0.552,
            "LinearDiscriminantAnalysis()": 0.648,
            "QuadraticDiscriminantAnalysis()": 0.464,
            "GaussianNB()": 0.416
        },
        "hellsemble": {
            "Hellsemble_sequential": 0.512,
            "Hellsemble_greedy": 0.544
        }
    },
    "numerai28.6": {
        "base_models": {
            "KNeighborsClassifier()": 0.5074335548172757,
            "LogisticRegression()": 0.5213039867109635,
            "DecisionTreeClassifier()": 0.5006229235880398,
            "LinearDiscriminantAnalysis()": 0.5211378737541528,
            "QuadraticDiscriminantAnalysis()": 0.5190614617940199,
            "GaussianNB()": 0.5178986710963455
        },
        "hellsemble": {
            "Hellsemble_sequential": 0.5073920265780731,
            "Hellsemble_greedy": 0.5018687707641196
        }
    },
    "pc3": {
        "base_models": {
            "KNeighborsClassifier()": 0.8797953964194374,
            "LogisticRegression()": 0.887468030690537,
            "DecisionTreeClassifier()": 0.8593350383631714,
            "LinearDiscriminantAnalysis()": 0.8772378516624041,
            "QuadraticDiscriminantAnalysis()": 0.7135549872122762,
            "GaussianNB()": 0.80306905370844
        },
        "hellsemble": {
            "Hellsemble_sequential": 0.8772378516624041,
            "Hellsemble_greedy": 0.8618925831202046
        }
    },
    "PhishingWebsites": {
        "base_models": {
            "KNeighborsClassifier()": 0.9504341534008683,
            "LogisticRegression()": 0.9341534008683068,
            "DecisionTreeClassifier()": 0.9580318379160637,
            "LinearDiscriminantAnalysis()": 0.9232995658465991,
            "QuadraticDiscriminantAnalysis()": 0.7521707670043415,
            "GaussianNB()": 0.7858176555716353
        },
        "hellsemble": {
            "Hellsemble_sequential": 0.9504341534008683,
            "Hellsemble_greedy": 0.9598408104196816
        }
    },
    "pc1": {
        "base_models": {
            "KNeighborsClassifier()": 0.9388489208633094,
            "LogisticRegression()": 0.9244604316546763,
            "DecisionTreeClassifier()": 0.9100719424460432,
            "LinearDiscriminantAnalysis()": 0.920863309352518,
            "QuadraticDiscriminantAnalysis()": 0.9280575539568345,
            "GaussianNB()": 0.8705035971223022
        },
        "hellsemble": {
            "Hellsemble_sequential": 0.935251798561151,
            "Hellsemble_greedy": 0.89568345323741
        }
    },
    "bank-marketing": {
        "base_models": {
            "KNeighborsClassifier()": 0.8993187649296647,
            "LogisticRegression()": 0.9006458462355127,
            "DecisionTreeClassifier()": 0.8762275502079094,
            "LinearDiscriminantAnalysis()": 0.9021498717154738,
            "QuadraticDiscriminantAnalysis()": 0.8732194992479873,
            "GaussianNB()": 0.8668495089799169
        },
        "hellsemble": {
            "Hellsemble_sequential": 0.8987879324073255,
            "Hellsemble_greedy": 0.8759621339467398
        }
    },
    "kc1": {
        "base_models": {
            "KNeighborsClassifier()": 0.8446969696969697,
            "LogisticRegression()": 0.865530303030303,
            "DecisionTreeClassifier()": 0.8143939393939394,
            "LinearDiscriminantAnalysis()": 0.8560606060606061,
            "QuadraticDiscriminantAnalysis()": 0.8541666666666666,
            "GaussianNB()": 0.8428030303030303
        },
        "hellsemble": {
            "Hellsemble_sequential": 0.8390151515151515,
            "Hellsemble_greedy": 0.8162878787878788
        }
    },
    "kc2": {
        "base_models": {
            "KNeighborsClassifier()": 0.7938931297709924,
            "LogisticRegression()": 0.816793893129771,
            "DecisionTreeClassifier()": 0.8015267175572519,
            "LinearDiscriminantAnalysis()": 0.7938931297709924,
            "QuadraticDiscriminantAnalysis()": 0.816793893129771,
            "GaussianNB()": 0.816793893129771
        },
        "hellsemble": {
            "Hellsemble_sequential": 0.8091603053435115,
            "Hellsemble_greedy": 0.7938931297709924
        }
    },
    "banknote-authentication": {
        "base_models": {
            "KNeighborsClassifier()": 0.9941690962099126,
            "LogisticRegression()": 0.9795918367346939,
            "DecisionTreeClassifier()": 0.9766763848396501,
            "LinearDiscriminantAnalysis()": 0.9708454810495627,
            "QuadraticDiscriminantAnalysis()": 0.9795918367346939,
            "GaussianNB()": 0.8367346938775511
        },
        "hellsemble": {
            "Hellsemble_sequential": 0.9941690962099126,
            "Hellsemble_greedy": 0.9766763848396501
        }
    },
    "ilpd": {
        "base_models": {
            "KNeighborsClassifier()": 0.6575342465753424,
            "LogisticRegression()": 0.7328767123287672,
            "DecisionTreeClassifier()": 0.6643835616438356,
            "LinearDiscriminantAnalysis()": 0.726027397260274,
            "QuadraticDiscriminantAnalysis()": 0.5273972602739726,
            "GaussianNB()": 0.5342465753424658
        },
        "hellsemble": {
            "Hellsemble_sequential": 0.6712328767123288,
            "Hellsemble_greedy": 0.6438356164383562
        }
    },
    "adult": {
        "base_models": {
            "KNeighborsClassifier()": 0.8303169273605765,
            "LogisticRegression()": 0.8488248300712472,
            "DecisionTreeClassifier()": 0.8143477192695111,
            "LinearDiscriminantAnalysis()": 0.8374416509704365,
            "QuadraticDiscriminantAnalysis()": 0.45156006879043487,
            "GaussianNB()": 0.583817869134387
        },
        "hellsemble": {
            "Hellsemble_sequential": 0.825403324871018,
            "Hellsemble_greedy": 0.8157399066415527
        }
    },
    "Internet-Advertisements": {
        "base_models": {
            "KNeighborsClassifier()": 0.9621951219512195,
            "LogisticRegression()": 0.9695121951219512,
            "DecisionTreeClassifier()": 0.9646341463414634,
            "LinearDiscriminantAnalysis()": 0.9609756097560975,
            "QuadraticDiscriminantAnalysis()": 0.9426829268292682,
            "GaussianNB()": 0.8085365853658537
        },
        "hellsemble": {
            "Hellsemble_sequential": 0.9621951219512195,
            "Hellsemble_greedy": 0.9670731707317073
        }
    },
    "pc4": {
        "base_models": {
            "KNeighborsClassifier()": 0.9013698630136986,
            "LogisticRegression()": 0.9178082191780822,
            "DecisionTreeClassifier()": 0.8821917808219178,
            "LinearDiscriminantAnalysis()": 0.915068493150685,