{
    "spambase": {
        "base_models": {
            "LogisticRegression()": 0.9304952215464813,
            "DecisionTreeClassifier()": 0.9122502172024327,
            "RandomForestClassifier()": 0.9574283231972198
        },
        "hellsemble": {
            "Hellsemble_Sequential": 0.9278887923544744,
            "Hellsemble_greedy": 0.9609035621198957
        }
    },
    "credit-approval": {
        "base_models": {
            "LogisticRegression()": 0.838150289017341,
            "DecisionTreeClassifier()": 0.7861271676300579,
            "RandomForestClassifier()": 0.8439306358381503
        },
        "hellsemble": {
            "Hellsemble_Sequential": 0.8439306358381503,
            "Hellsemble_greedy": 0.8497109826589595
        }
    },
    "dresses-sales": {
        "base_models": {
            "LogisticRegression()": 0.672,
            "DecisionTreeClassifier()": 0.584,
            "RandomForestClassifier()": 0.632
        },
        "hellsemble": {
            "Hellsemble_Sequential": 0.592,
            "Hellsemble_greedy": 0.664
        }
    },
    "numerai28.6": {
        "base_models": {
            "LogisticRegression()": 0.5213039867109635,
            "DecisionTreeClassifier()": 0.5023671096345514,
            "RandomForestClassifier()": 0.5097591362126246
        },
        "hellsemble": {
            "Hellsemble_Sequential": 0.5079734219269103,
            "Hellsemble_greedy": 0.5065199335548173
        }
    },
    "pc3": {
        "base_models": {
            "LogisticRegression()": 0.887468030690537,
            "DecisionTreeClassifier()": 0.8670076726342711,
            "RandomForestClassifier()": 0.9002557544757033
        },
        "hellsemble": {
            "Hellsemble_Sequential": 0.8823529411764706,
            "Hellsemble_greedy": 0.8976982097186701
        }
    },
    "PhishingWebsites": {
        "base_models": {
            "LogisticRegression()": 0.9341534008683068,
            "DecisionTreeClassifier()": 0.9587554269175108,
            "RandomForestClassifier()": 0.9699710564399421
        },
        "hellsemble": {
            "Hellsemble_Sequential": 0.9460926193921853,
            "Hellsemble_greedy": 0.9699710564399421
        }
    },
    "pc1": {
        "base_models": {
            "LogisticRegression()": 0.9244604316546763,
            "DecisionTreeClassifier()": 0.9028776978417267,
            "RandomForestClassifier()": 0.935251798561151
        },
        "hellsemble": {
            "Hellsemble_Sequential": 0.9244604316546763,
            "Hellsemble_greedy": 0.9316546762589928
        }
    },
    "bank-marketing": {
        "base_models": {
            "LogisticRegression()": 0.9006458462355127,
            "DecisionTreeClassifier()": 0.8766699106431921,
            "RandomForestClassifier()": 0.9063965318941873
        },
        "hellsemble": {
            "Hellsemble_Sequential": 0.8980801557108732,
            "Hellsemble_greedy": 0.8775546315137575
        }
    },
    "kc1": {
        "base_models": {
            "LogisticRegression()": 0.865530303030303,
            "DecisionTreeClassifier()": 0.821969696969697,
            "RandomForestClassifier()": 0.8484848484848485
        },
        "hellsemble": {
            "Hellsemble_Sequential": 0.8541666666666666,
            "Hellsemble_greedy": 0.8143939393939394
        }
    },
    "kc2": {
        "base_models": {
            "LogisticRegression()": 0.816793893129771,
            "DecisionTreeClassifier()": 0.7938931297709924,
            "RandomForestClassifier()": 0.8015267175572519
        },
        "hellsemble": {
            "Hellsemble_Sequential": 0.7786259541984732,
            "Hellsemble_greedy": 0.816793893129771
        }
    },
    "banknote-authentication": {
        "base_models": {
            "LogisticRegression()": 0.9795918367346939,
            "DecisionTreeClassifier()": 0.9766763848396501,
            "RandomForestClassifier()": 0.9708454810495627
        },
        "hellsemble": {
            "Hellsemble_Sequential": 0.9795918367346939,
            "Hellsemble_greedy": 0.9737609329446064
        }
    },
    "ilpd": {
        "base_models": {
            "LogisticRegression()": 0.7328767123287672,
            "DecisionTreeClassifier()": 0.636986301369863,
            "RandomForestClassifier()": 0.7191780821917808
        },
        "hellsemble": {
            "Hellsemble_Sequential": 0.6438356164383562,
            "Hellsemble_greedy": 0.7054794520547946
        }
    },
    "adult": {
        "base_models": {
            "LogisticRegression()": 0.8488248300712472,
            "DecisionTreeClassifier()": 0.8154123331422488,
            "RandomForestClassifier()": 0.8473507493243797
        },
        "hellsemble": {
            "Hellsemble_Sequential": 0.835639996724265,
            "Hellsemble_greedy": 0.8167226271394644
        }
    },
    "Internet-Advertisements": {
        "base_models": {
            "LogisticRegression()": 0.9695121951219512,
            "DecisionTreeClassifier()": 0.9646341463414634,
            "RandomForestClassifier()": 0.974390243902439
        },
        "hellsemble": {
            "Hellsemble_Sequential": 0.9695121951219512,
            "Hellsemble_greedy": 0.973170731707317
        }
    },
    "pc4": {
        "base_models": {
            "LogisticRegression()": 0.9178082191780822,
            "DecisionTreeClassifier()": 0.8849315068493151,
            "RandomForestClassifier()": 0.9013698630136986
        },
        "hellsemble": {
            "Hellsemble_Sequential": 0.9178082191780822,
            "Hellsemble_greedy": 0.9068493150684932
        }
    },
    "credit-g": {
        "base_models": {
            "LogisticRegression()": 0.776,
            "DecisionTreeClassifier()": 0.724,
            "RandomForestClassifier()": 0.788
        },
        "hellsemble": {
            "Hellsemble_Sequential": 0.744,
            "Hellsemble_greedy": 0.8
        }
    },
    "Bioresponse": {
        "base_models": {
            "LogisticRegression()": 0.7270788912579957,
            "DecisionTreeClassifier()": 0.7228144989339019,
            "RandomForestClassifier()": 0.8091684434968017
        },
        "hellsemble": {
            "Hellsemble_Sequential": 0.7270788912579957,
            "Hellsemble_greedy": 0.8049040511727079
        }
    },
    "blood-transfusion-service-center": {
        "base_models": {
            "LogisticRegression()": 0.7647058823529411,
            "DecisionTreeClassifier()": 0.7486631016042781,
            "RandomForestClassifier()": 0.7593582887700535
        },
        "hellsemble": {
            "Hellsemble_Sequential": 0.7700534759358288,
            "Hellsemble_greedy": 0.29411764705882354
        }
    },
    "wilt": {
        "base_models": {
            "LogisticRegression()": 0.952892561983471,
            "DecisionTreeClassifier()": 0.9752066115702479,
            "RandomForestClassifier()": 0.9801652892561984
        },
        "hellsemble": {
            "Hellsemble_Sequential": 0.952892561983471,
            "Hellsemble_greedy": 0.9776859504132231
        }
    },
    "madelon": {
        "base_models": {
            "LogisticRegression()": 0.56,
            "DecisionTreeClassifier()": 0.7830769230769231,
            "RandomForestClassifier()": 0.6861538461538461
        },
        "hellsemble": {
            "Hellsemble_Sequential": 0.5723076923076923,
            "Hellsemble_greedy": 0.6723076923076923
        }
    },
    "ozone-level-8hr": {
        "base_models": {
            "LogisticRegression()": 0.9400630914826499,
            "DecisionTreeClassifier()": 0.919558359621451,
            "RandomForestClassifier()": 0.9463722397476341
        },
        "hellsemble": {
            "Hellsemble_Sequential": 0.9337539432176656,
            "Hellsemble_greedy": 0.9479495268138801
        }
    },
    "jm1": {
        "base_models": {
            "LogisticRegression()": 0.8089639970609845,