{
    "spambase": 0.9304952215464813,
    "credit-approval": 0.838150289017341,
    "dresses-sales": 0.632,
    "numerai28.6": 0.5205980066445183,
    "pc3": 0.8900255754475703,
    "PhishingWebsites": 0.933068017366136,
    "pc1": 0.9244604316546763,
    "bank-marketing": 0.8920640537910289,
    "kc1": 0.8617424242424242,
    "kc2": 0.816793893129771,
    "ilpd": 0.7123287671232876,
    "adult": 0.8471869625747277,
    "pc4": 0.915068493150685,
    "credit-g": 0.772,
    "blood-transfusion-service-center": 0.7593582887700535,
    "madelon": 0.5446153846153846,
    "ozone-level-8hr": 0.9416403785488959,
    "jm1": 0.807861866274798,
    "phoneme": 0.7623982235381199,
    "diabetes": 0.7708333333333334,
    "electricity": 0.7597104519774012,
    "qsar-biodeg": 0.8825757575757576,
    "churn": 0.8696,
    "cylinder-bands": 0.6962962962962963
}