{
    "spambase": 0.9304952215464813,
    "credit-approval": 0.8439306358381503,
    "dresses-sales": 0.616,
    "numerai28.6": 0.5205980066445183,
    "pc3": 0.8900255754475703,
    "PhishingWebsites": 0.933068017366136,
    "pc1": 0.9172661870503597,
    "bank-marketing": 0.8920640537910289,
    "kc1": 0.8598484848484849,
    "kc2": 0.816793893129771,
    "banknote-authentication": 0.9795918367346939,
    "ilpd": 0.7123287671232876,
    "adult": 0.8471869625747277,
    "Internet-Advertisements": 0.9695121951219512,
    "pc4": 0.915068493150685,
    "credit-g": 0.772,
    "Bioresponse": 0.7270788912579957,
    "blood-transfusion-service-center": 0.7593582887700535,
    "wilt": 0.952892561983471,
    "madelon": 0.5461538461538461,
    "ozone-level-8hr": 0.9416403785488959,
    "jm1": 0.807861866274798,
    "phoneme": 0.7631384159881569,
    "diabetes": 0.7708333333333334,
    "tic-tac-toe": 0.975,
    "kr-vs-kp": 0.9624530663329162,
    "sick": 0.9660657476139979,
    "nomao": 0.9469653011488918,
    "climate-model-simulation-crashes": 0.9629629629629629,
    "wdbc": 0.9790209790209791,
    "electricity": 0.7597104519774012,
    "breast-w": 0.9657142857142857,
    "qsar-biodeg": 0.8825757575757576,
    "churn": 0.8696,
    "cylinder-bands": 0.6888888888888889
}