{
    "spambase": 0.9061685490877498,
    "credit-approval": 0.8092485549132948,
    "dresses-sales": 0.576,
    "numerai28.6": 0.5033222591362126,
    "pc3": 0.8797953964194374,
    "PhishingWebsites": 0.9598408104196816,
    "pc1": 0.9064748201438849,
    "bank-marketing": 0.8745465805538353,
    "kc1": 0.821969696969697,
    "kc2": 0.7862595419847328,
    "banknote-authentication": 0.9766763848396501,
    "ilpd": 0.6438356164383562,
    "adult": 0.8154942265170748,
    "Internet-Advertisements": 0.9670731707317073,
    "pc4": 0.8849315068493151,
    "credit-g": 0.68,
    "Bioresponse": 0.6993603411513859,
    "blood-transfusion-service-center": 0.5828877005347594,
    "wilt": 0.9760330578512396,
    "madelon": 0.76,
    "ozone-level-8hr": 0.9227129337539433,
    "jm1": 0.7494489346069066,
    "phoneme": 0.8645447816432272,
    "diabetes": 0.6770833333333334,
    "tic-tac-toe": 0.9291666666666667,
    "kr-vs-kp": 0.9924906132665833,
    "sick": 0.9819724284199364,
    "nomao": 0.9458048044563073,
    "climate-model-simulation-crashes": 0.9037037037037037,
    "wdbc": 0.9370629370629371,
    "electricity": 0.8785310734463276,
    "breast-w": 0.9657142857142857,
    "qsar-biodeg": 0.8181818181818182,
    "churn": 0.916,
    "cylinder-bands": 0.762962962962963
}