{"spambase": {"base_models": {"KNeighborsClassifier()": 0.9087749782797567, "LogisticRegression()": 0.9304952215464813, "DecisionTreeClassifier()": 0.9122502172024327, "LinearDiscriminantAnalysis()": 0.8887923544743701, "QuadraticDiscriminantAnalysis()": 0.8392701998262381, "GaussianNB()": 0.8227628149435273}, "hellsemble": {"Hellsemble_sequential": 0.9070373588184187, "Hellsemble_greedy": 0.9087749782797567}}, "credit-approval": {"base_models": {"KNeighborsClassifier()": 0.7976878612716763, "LogisticRegression()": 0.838150289017341, "DecisionTreeClassifier()": 0.791907514450867, "LinearDiscriminantAnalysis()": 0.8208092485549133, "QuadraticDiscriminantAnalysis()": 0.5491329479768786, "GaussianNB()": 0.7109826589595376}, "hellsemble": {"Hellsemble_sequential": 0.8034682080924855, "Hellsemble_greedy": 0.7976878612716763}}, "dresses-sales": {"base_models": {"KNeighborsClassifier()": 0.536, "LogisticRegression()": 0.672, "DecisionTreeClassifier()": 0.56, "LinearDiscriminantAnalysis()": 0.648, "QuadraticDiscriminantAnalysis()": 0.464, "GaussianNB()": 0.416}, "hellsemble": {"Hellsemble_sequential": 0.512, "Hellsemble_greedy": 0.536}}, "numerai28.6": {"base_models": {"KNeighborsClassifier()": 0.5074335548172757, "LogisticRegression()": 0.5213039867109635, "DecisionTreeClassifier()": 0.4983388704318937, "LinearDiscriminantAnalysis()": 0.5211378737541528, "QuadraticDiscriminantAnalysis()": 0.5190614617940199, "GaussianNB()": 0.5178986710963455}, "hellsemble": {"Hellsemble_sequential": 0.5073504983388705, "Hellsemble_greedy": 0.5007059800664452}}, "pc3": {"base_models": {"KNeighborsClassifier()": 0.8797953964194374, "LogisticRegression()": 0.887468030690537, "DecisionTreeClassifier()": 0.8721227621483376, "LinearDiscriminantAnalysis()": 0.8772378516624041, "QuadraticDiscriminantAnalysis()": 0.7135549872122762, "GaussianNB()": 0.80306905370844}, "hellsemble": {"Hellsemble_sequential": 0.8772378516624041, "Hellsemble_greedy": 0.8567774936061381}}, "PhishingWebsites": {"base_models": {"KNeighborsClassifier()": 0.9504341534008683, "LogisticRegression()": 0.9341534008683068, "DecisionTreeClassifier()": 0.9587554269175108, "LinearDiscriminantAnalysis()": 0.9232995658465991, "QuadraticDiscriminantAnalysis()": 0.7521707670043415, "GaussianNB()": 0.7858176555716353}, "hellsemble": {"Hellsemble_sequential": 0.9504341534008683, "Hellsemble_greedy": 0.9583936324167872}}, "pc1": {"base_models": {"KNeighborsClassifier()": 0.9388489208633094, "LogisticRegression()": 0.9244604316546763, "DecisionTreeClassifier()": 0.9028776978417267, "LinearDiscriminantAnalysis()": 0.920863309352518, "QuadraticDiscriminantAnalysis()": 0.9280575539568345, "GaussianNB()": 0.8705035971223022}, "hellsemble": {"Hellsemble_sequential": 0.935251798561151, "Hellsemble_greedy": 0.8992805755395683}}, "bank-marketing": {"base_models": {"KNeighborsClassifier()": 0.8993187649296647, "LogisticRegression()": 0.9006458462355127, "DecisionTreeClassifier()": 0.877643103600814, "LinearDiscriminantAnalysis()": 0.9021498717154738, "QuadraticDiscriminantAnalysis()": 0.8732194992479873, "GaussianNB()": 0.8668495089799169}, "hellsemble": {"Hellsemble_sequential": 0.8987879324073255, "Hellsemble_greedy": 0.876316022294966}}, "kc1": {"base_models": {"KNeighborsClassifier()": 0.8446969696969697, "LogisticRegression()": 0.865530303030303, "DecisionTreeClassifier()": 0.8162878787878788, "LinearDiscriminantAnalysis()": 0.8560606060606061, "QuadraticDiscriminantAnalysis()": 0.8541666666666666, "GaussianNB()": 0.8428030303030303}, "hellsemble": {"Hellsemble_sequential": 0.8390151515151515, "Hellsemble_greedy": 0.8200757575757576}}, "kc2": {"base_models": {"KNeighborsClassifier()": 0.7938931297709924, "LogisticRegression()": 0.816793893129771, "DecisionTreeClassifier()": 0.7862595419847328, "LinearDiscriminantAnalysis()": 0.7938931297709924, "QuadraticDiscriminantAnalysis()": 0.816793893129771, "GaussianNB()": 0.816793893129771}, "hellsemble": {"Hellsemble_sequential": 0.8091603053435115, "Hellsemble_greedy": 0.7938931297709924}}, "banknote-authentication": {"base_models": {"KNeighborsClassifier()": 0.9941690962099126, "LogisticRegression()": 0.9795918367346939, "DecisionTreeClassifier()": 0.9766763848396501, "LinearDiscriminantAnalysis()": 0.9708454810495627, "QuadraticDiscriminantAnalysis()": 0.9795918367346939, "GaussianNB()": 0.8367346938775511}, "hellsemble": {"Hellsemble_sequential": 0.9941690962099126, "Hellsemble_greedy": 0.9766763848396501}}, "ilpd": {"base_models": {"KNeighborsClassifier()": 0.6575342465753424, "LogisticRegression()": 0.7328767123287672, "DecisionTreeClassifier()": 0.6027397260273972, "LinearDiscriminantAnalysis()": 0.726027397260274, "QuadraticDiscriminantAnalysis()": 0.5273972602739726, "GaussianNB()": 0.5342465753424658}, "hellsemble": {"Hellsemble_sequential": 0.6712328767123288, "Hellsemble_greedy": 0.6506849315068494}}, "adult": {"base_models": {"KNeighborsClassifier()": 0.8303169273605765, "LogisticRegression()": 0.8488248300712472, "DecisionTreeClassifier()": 0.8162312668905085, "LinearDiscriminantAnalysis()": 0.8374416509704365, "QuadraticDiscriminantAnalysis()": 0.45156006879043487, "GaussianNB()": 0.583817869134387}, "hellsemble": {"Hellsemble_sequential": 0.825403324871018, "Hellsemble_greedy": 0.8144296126443371}}, "Internet-Advertisements": {"base_models": {"KNeighborsClassifier()": 0.9621951219512195, "LogisticRegression()": 0.9695121951219512, "DecisionTreeClassifier()": 0.9682926829268292, "LinearDiscriminantAnalysis()": 0.9609756097560975, "QuadraticDiscriminantAnalysis()": 0.9426829268292682, "GaussianNB()": 0.8085365853658537}, "hellsemble": {"Hellsemble_sequential": 0.9621951219512195, "Hellsemble_greedy": 0.9658536585365853}}, "pc4": {"base_models": {"KNeighborsClassifier()": 0.9013698630136986, "LogisticRegression()": 0.9178082191780822, "DecisionTreeClassifier()": 0.8767123287671232, "LinearDiscriminantAnalysis()": 0.915068493150685, "QuadraticDiscriminantAnalysis()": 0.547945205479452, "GaussianNB()": 0.8657534246575342}, "hellsemble": {"Hellsemble_sequential": 0.8931506849315068, "Hellsemble_greedy": 0.8849315068493151}}, "credit-g": {"base_models": {"KNeighborsClassifier()": 0.748, "LogisticRegression()": 0.776, "DecisionTreeClassifier()": 0.72, "LinearDiscriminantAnalysis()": 0.788, "QuadraticDiscriminantAnalysis()": 0.732, "GaussianNB()": 0.716}, "hellsemble": {"Hellsemble_sequential": 0.752, "Hellsemble_greedy": 0.716}}, "Bioresponse": {"base_models": {"KNeighborsClassifier()": 0.7484008528784648, "LogisticRegression()": 0.7270788912579957, "DecisionTreeClassifier()": 0.7260127931769723, "LinearDiscriminantAnalysis()": 0.6279317697228145, "QuadraticDiscriminantAnalysis()": 0.5746268656716418, "GaussianNB()": 0.6130063965884861}, "hellsemble": {"Hellsemble_sequential": 0.7526652452025586, "Hellsemble_greedy": 0.6993603411513859}}, "blood-transfusion-service-center": {"base_models": {"KNeighborsClassifier()": 0.7647058823529411, "LogisticRegression()": 0.7647058823529411, "DecisionTreeClassifier()": 0.7647058823529411, "LinearDiscriminantAnalysis()": 0.7647058823529411, "QuadraticDiscriminantAnalysis()": 0.7700534759358288, "GaussianNB()": 0.732620320855615}, "hellsemble": {"Hellsemble_sequential": 0.7593582887700535, "Hellsemble_greedy": 0.5828877005347594}}, "wilt": {"base_models": {"KNeighborsClassifier()": 0.9628099173553719, "LogisticRegression()": 0.952892561983471, "DecisionTreeClassifier()": 0.9776859504132231, "LinearDiscriminantAnalysis()": 0.9413223140495868, "QuadraticDiscriminantAnalysis()": 0.9768595041322314, "GaussianNB()": 0.8801652892561983}, "hellsemble": {"Hellsemble_sequential": 0.9628099173553719, "Hellsemble_greedy": 0.9768595041322314}}, "madelon": {"base_models": {"KNeighborsClassifier()": 0.5430769230769231, "LogisticRegression()": 0.56, "DecisionTreeClassifier()": 0.7430769230769231, "LinearDiscriminantAnalysis()": 0.563076923076923, "QuadraticDiscriminantAnalysis()": 0.4815384615384615, "GaussianNB()": 0.58},